iter	RMSE
0	13.90465559
1	13.06099697
2	12.27765307
3	11.54442187
4	10.91063349
5	10.37590617
6	9.921058182
